recipe,n_features,  trees,val_n,  val_logloss,  val_acc,  val_n_conf,  val_acc_conf,  val_n_66,  val_acc_66,  test_n,  test_logloss,  test_acc,  test_n_conf,  test_acc_conf,  test_n_66,  test_acc_66,  delta_val_logloss
baseline,  670,  98,513,  0.6474596078981433,  0.6296296296296297,194,0.7061855670103093,71,0.8309859154929577,846,0.6657674665041003,0.58274231678487,309,0.6763754045307443,130,0.7538461538461538,0.0
drop_last3,  520,188,513,0.6505108672043501,0.6140350877192983,245,0.6938775510204082,125,0.688,846,0.6558853194610729,0.5981087470449172,399,0.7017543859649122,208,0.7403846153846154,0.003051259306206866
drop_momentum,  597,165,513,0.6486891685870656,0.6062378167641326,227,0.7004405286343612,116,0.7758620689655172,846,0.6575103841950989,0.6040189125295509,365,0.6767123287671233,186,0.7258064516129032,0.0012295606889223265
drop_cardio,  593,115,513,0.6489059871632685,0.631578947368421,216,0.7175925925925926,90,0.7888888888888889,846,0.6563806839410576,0.607565011820331,341,0.6950146627565983,145,0.7241379310344828,0.0014463792651252527
drop_last5,  453,132,513,0.6476252801701804,0.6296296296296297,212,0.7169811320754716,112,0.7053571428571429,846,0.6545901882415968,0.6134751773049646,367,0.6893732970027248,201,0.7164179104477612,0.00016567227203712065
drop_stack,  661,184,513,0.6468340430924302,0.6140350877192983,222,0.6936936936936937,121,0.768595041322314,846,0.6624025979803668,0.5981087470449172,389,0.6838046272493573,198,0.6919191919191919,-0.0006255648057130747
drop_opp_sos,  630,152,513,0.6494973259478749,0.6062378167641326,244,0.7008196721311475,119,0.7310924369747899,846,0.6641158414454184,0.5851063829787234,342,0.6754385964912281,191,0.7068062827225131,0.0020377180497316294
drop_bio,  661,95,513,0.6508591287201143,0.6491228070175439,180,0.7111111111111111,79,0.7341772151898734,846,0.6585141561097569,0.5981087470449172,306,0.6928104575163399,135,0.7481481481481481,0.003399520821971036
drop_last3+momentum (223 gone),  447,164,513,0.6570233113874934,0.6276803118908382,213,0.6525821596244131,113,0.7256637168141593,846,0.6613584021304516,0.6288416075650118,363,0.6776859504132231,192,0.71875,0.009563703489350095
add_td_products (+4),  674,112,513,0.6527051367373959,0.6120857699805068,185,0.6918918918918919,92,0.75,846,0.6582416098027647,0.6122931442080378,321,0.6822429906542056,137,0.7591240875912408,0.005245528839252667
